_epoch,train_loss,valid_loss,acc,val_acc,lr,type,hard_loss,soft_loss,total_loss,alpha,temp,early_stopping,elapsed_time
1,0.219526,2.102332,0.197,0.218,0.1000,kl_2_3,"0.000, 0.000, 0.214",0.9,1.0,0,9
1,3.518349,3.343593,0.273,0.143,0.1000,kl_2_3,"0.000, 0.000, 3.091",0.5,30.0,0,9
2,2.733887,3.557212,0.379,0.177,0.1000,kl_2_3,"0.000, 0.000, 2.509",0.5,30.0,0,18
1,5.890129,3.806821,0.253,0.158,0.1000,kl_2_3,"0.000, 0.000, 5.557",0.5,30.0,0,9
1,0.735540,2.412237,0.238,0.205,0.1000,kl_2_3,"0.000, 0.000, 0.692",0.9,30.0,0,6
2,0.616957,2.219702,0.310,0.236,0.1000,kl_2_3,"0.000, 0.000, 0.594",0.9,30.0,0,11
1,0.744946,2.580854,0.232,0.179,0.1000,kl_2_3,"0.000, 0.000, 0.684",0.9,30.0,0,6
