filename,_epoch,train_acc,train_PGD10_acc,val_acc,val_PGD20_acc,test_acc,test_PGD200_acc,test_Auto_acc
_Net_resnet18__C_10__102_AT_AT_Trades_Resnet_.pth,102,94.238636,71.320858,83.533333,49.534574,83.520000,46.410206,44.719146
_Net_resnet18__C_10__155_KL_2_3_A_0.95_T_30.0_new_loss_kl_2_3_A_0.95_T_30.0_.pth,155,85.470455,64.019350,79.300000,50.764628,79.610000,49.149525,48.516614
