_epoch,train_loss,valid_loss,acc,val_acc,lr,type,hard_loss,soft_loss,total_loss,alpha,temp,early_stopping,elapsed_time
1,1.774825,2.760113,0.237,0.228,0.1000,kl_2_3,"0.000, 0.000, 1.710",0.9,30.0,0,6
2,1.663323,2.572512,0.318,0.256,0.1000,kl_2_3,"0.000, 0.000, 1.635",0.9,30.0,0,13
3,1.602398,2.627502,0.355,0.264,0.1000,kl_2_3,"0.000, 0.000, 1.585",0.9,30.0,0,19
4,1.554079,2.534289,0.385,0.297,0.1000,kl_2_3,"0.000, 0.000, 1.524",0.9,30.0,0,26
1,2.371806,2.976909,0.331,0.210,0.1000,kl_2_3a,"0.000, 0.000, 2.284",0.9,30.0,0,3
