_epoch,train_loss,valid_loss,acc,val_acc,lr,type,hard_loss,soft_loss,total_loss,alpha,temp,early_stopping,elapsed_time
1,nan,nan,0.101,0.117,0.1000,kl_2_3v,"0.000, 0.000, nan",0.5,30.0,0,3
2,nan,nan,0.100,0.117,0.1000,kl_2_3v,"0.000, 0.000, nan",0.5,30.0,0,7
3,nan,nan,0.100,0.117,0.1000,kl_2_3v,"0.000, 0.000, nan",0.5,30.0,0,11
4,nan,nan,0.100,0.117,0.1000,kl_2_3v,"0.000, 0.000, nan",0.5,30.0,0,15
5,nan,nan,0.100,0.117,0.1000,kl_2_3v,"0.000, 0.000, nan",0.5,30.0,0,18
6,nan,nan,0.100,0.117,0.1000,kl_2_3v,"0.000, 0.000, nan",0.5,30.0,0,22
7,nan,nan,0.100,0.117,0.1000,kl_2_3v,"0.000, 0.000, nan",0.5,30.0,0,26
1,11.978737,3.177334,0.280,0.146,0.1000,kl_2_3v,"0.000, 0.000, 11.372",0.5,30.0,0,3
2,10.750624,4.201047,0.375,0.174,0.1000,kl_2_3v,"0.000, 0.000, 10.505",0.5,30.0,0,7
