_epoch,train_loss,valid_loss,acc,val_acc,lr,type,early_stopping,elapsed_time
1,2.323222,2.303635,0.101,0.095,0.1000,NT,0,0
2,2.307056,2.306712,0.101,0.097,0.1000,NT,0,0
3,2.305115,2.312036,0.101,0.099,0.1000,NT,0,1
4,2.305554,2.304079,0.101,0.095,0.1000,NT,1,1
5,2.305006,2.304742,0.099,0.097,0.1000,NT,2,2
1,3.814505,2.321674,0.101,0.099,0.1000,NT,0,0
